school_id,SCHOOL_NAME,school_type,1991,1992,1993,1994,1995,1996,1997,1998,1999,2000,2001,2002,2003,2004,2005,2006,2007,2008,2009,2010,2011,2012,2013,2014,2015,2016,2017
1151154990,ACAD OF ENVT SCI/MATH ELEM ,slps,,,,,,,,,,,,,,,,,,,,,,,98.34605597964376590330788804,98.61386138613861386138613861,98.78048780487804878048780488,100,99.57983193277310924369747899
1151153250,ACAD OF ENVT SCI/MATH MIDDLE,slps,,,,,,,,,,,,,,,,,,,,,,,99.02200488997555012224938875,99.34640522875816993464052288,97.51773049645390070921985816,96.29629629629629629629629630,96.11111111111111111111111111
1151151500,ACADEMY OF MATH AND SCIENCE,slps,73.95701643489254108723135272,55.16431924882629107981220657,,,,,,,,,,,,,,,85.500,86.86868686868686868686868687,87.58620689655172413793103448,90.07633587786259541984732824,90.11299435028248587570621469,89.36170212765957446808510638,91.56976744186046511627906977,90.64171122994652406417112299,93.47826086956521739130434783,94.51697127937336814621409922,94.67787114845938375350140056
1151154000,ADAMS ELEM.,slps,85.94594594594594594594594595,89.03743315508021390374331551,81.79271708683473389355742297,,,,,,,,,97.02702702702702702702702703,95.29702970297029702970297030,97.08222811671087533156498674,97.10144927536231884057971014,96.17834394904458598726114650,96.84542586750788643533123028,94.31438127090301003344481605,93.06930693069306930693069307,96.57142857142857142857142857,97.59450171821305841924398625,96.46643109540636042402826855,97.49103942652329749103942652,95.54140127388535031847133758,96.40287769784172661870503597,97.04797047970479704797047970,97.200
1151154020,AMES C.E.R.A. ELEM.,slps,60.90909090909090909090909091,61.31386861313868613138686131,,,,,,,,,,,,,,,,,,,,,,,,,
1151154040,ARLINGTON ELEM.,slps,100,100,100,,,,,,,,,,,,,,,,,,,,,,,,
1151154060,ASHLAND ELEM. AND BR.,slps,100,100,100,100,100,99.84076433121019108280254777,99.82517482517482517482517483,99.82964224872231686541737649,99.82788296041308089500860585,100,99.80353634577603143418467583,100,100,100,100,99.57173447537473233404710921,99.57446808510638297872340426,99.41860465116279069767441860,99.39209726443768996960486322,99.68553459119496855345911950,100,100,99.40476190476190476190476190,100,100,100,98.87640449438202247191011236
1151154080,BADEN ELEM.,slps,90.70351758793969849246231156,89.45054945054945054945054945,92.03084832904884318766066838,94.84536082474226804123711340,97.17647058823529411764705882,98.29545454545454545454545455,98.2500,99.33920704845814977973568282,98.84259259259259259259259259,99.15014164305949008498583569,98.83381924198250728862973761,100,100,98.96551724137931034482758621,99.30795847750865051903114187,98.00664451827242524916943522,99.65870307167235494880546075,100,99.23954372623574144486692015,,,,,,,,
1151154100,BANNEKER ELEM.,slps,99.06976744186046511627906977,100,100,100,100,100,99.62406015037593984962406015,98.89705882352941176470588235,99.20634920634920634920634921,100,100,100,100,100,,,,,,,,,,,,,
1151151250,BEAUMONT HIGH,slps,99.87421383647798742138364780,99.73045822102425876010781671,99.84387197501951600312256050,99.93150684931506849315068493,99.83857949959644874899112187,100,100,100,99.91796554552912223133716161,100,99.86595174262734584450402145,99.86440677966101694915254237,99.92972593113141250878425861,100,99.78260869565217391304347826,99.64131994261119081779053085,99.67159277504105090311986864,99.34086629001883239171374765,99.33259176863181312569521691,99.61636828644501278772378517,99.85994397759103641456582633,99.70149253731343283582089552,99.34210526315789473684210526,100,91.62895927601809954751131222,92.76315789473684210526315789,83.65217391304347826086956522
1159226990,BETTER LEARNING COMM ACADEMY,charter,,,,,,,,,,,,,,,,,,,,,,98.11320754716981132075471698,97.91666666666666666666666667,98.68421052631578947368421053,98.45360824742268041237113402,98.41269841269841269841269841,
1151151021,BIG PICTURE ELEM. ALT.,slps,,,,,,,,,,,,,,,,,,,96.82539682539682539682539683,,,,,,,,
1151151023,BIG PICTURE HIGH SCHOOL ALT.,slps,,,,,,,,,,,,,,,,,,92.30769230769230769230769231,89.41176470588235294117647059,95.68345323741007194244604317,94.21487603305785123966942149,,,,,,
1151151022,BIG PICTURE MIDDLE ALT.,slps,,,,,,,,,,,,,,,,,,96.66666666666666666666666667,96.87500,,,,,,,,
1151153020,BLEWETT MIDDLE SCH.,slps,99.37500,98.65951742627345844504021448,100,100,100,99.45355191256830601092896175,98.57142857142857142857142857,100,99.15492957746478873239436620,100,100,99.74293059125964010282776350,100,99.79209979209979209979209979,100,100,100,100,100,,,,,,,,
1151153040,BLOW MIDDLE SCH.,slps,49.00,50.64267352185089974293059126,36.73835125448028673835125448,50.92250922509225092250922509,48.90829694323144104803493450,,,54.23076923076923076923076923,56.42023346303501945525291829,60.17130620985010706638115632,63.95604395604395604395604396,68.22222222222222222222222222,75.79462102689486552567237164,75.98684210526315789473684211,82.47863247863247863247863248,83.03249097472924187725631769,,83.66336633663366336633663366,,,,,,,,,
1151152050,BLOW PREPARATORY JR. HIGH,slps,,,,,,,,,,,,,,,,,86.08695652173913043478260870,,,,,,,,,,
1151154180,BRYAN HILL ELEM.,slps,100,100,100,100,100,100,100,100,99.65397923875432525951557093,100,100,100,100,100,99.37304075235109717868338558,99.23954372623574144486692015,99.02912621359223300970873786,99.44444444444444444444444444,98.80239520958083832335329341,98.86363636363636363636363636,98.18181818181818181818181818,99.40476190476190476190476190,98.39572192513368983957219251,98.82352941176470588235294118,98.36956521739130434782608696,100,100
1151154200,BUDER ELEM.,slps,49.54954954954954954954954955,50.0,40.35398230088495575221238938,42.91417165668662674650698603,42.48251748251748251748251748,49.20174165457184325108853411,48.96265560165975103734439834,54.14258188824662813102119461,49.34333958724202626641651032,46.36752136752136752136752137,44.83516483516483516483516484,21.22093023255813953488372093,24.45520581113801452784503632,27.19101123595505617977528090,23.83292383292383292383292383,29.15601023017902813299232737,32.42506811989100817438692098,31.76795580110497237569060773,31.79012345679012345679012346,33.33333333333333333333333333,31.80428134556574923547400612,33.33333333333333333333333333,32.37822349570200573065902579,38.73015873015873015873015873,39.38461538461538461538461538,40.93567251461988304093567251,40.312500
1151153110,BUNCHE INTERNATIONAL STUDIES,slps,,,,,,,,,,62.500,,,,73.12925170068027210884353741,75.54945054945054945054945055,76.55367231638418079096045198,75.97173144876325088339222615,78.27868852459016393442622951,81.85328185328185328185328185,,92.13483146067415730337078652,,,,,,
1151153050,BUSCH/ACADEMIC-ATHLETIC ACAD.,slps,54.23076923076923076923076923,54.00696864111498257839721254,57.14285714285714285714285714,55.10204081632653061224489796,56.73076923076923076923076923,58.97435897435897435897435897,58.72483221476510067114093960,59.01639344262295081967213115,59.53947368421052631578947368,62.37942122186495176848874598,59.30599369085173501577287066,59.73597359735973597359735974,59.79729729729729729729729730,56.56565656565656565656565657,57.14285714285714285714285714,60.53639846743295019157088123,63.67187500,60.08403361344537815126050420,58.84476534296028880866425993,50.75187969924812030075187970,56.67752442996742671009771987,55.78034682080924855491329480,53.82436260623229461756373938,52.72727272727272727272727273,59.88538681948424068767908309,61.56069364161849710982658960,67.50700280112044817927170868
1151156280,CARDINAL GLENNON HOSPITAL,slps,,,73.68421052631578947368421053,,,61.11111111111111111111111111,,,,46.15384615384615384615384615,61.11111111111111111111111111,,46.66666666666666666666666667,,100,,,,,,,,,,,,
1151151100,CAREER ACADEMY,slps,,,,,,,,,,,58.19070904645476772616136919,67.99065420560747663551401869,73.95348837209302325581395349,79.03225806451612903225806452,90.11345218800648298217179903,93.07479224376731301939058172,93.57923497267759562841530055,93.39887640449438202247191011,94.51303155006858710562414266,94.62068965517241379310344828,96.44381223328591749644381223,95.91078066914498141263940520,96.44670050761421319796954315,96.47887323943661971830985915,95.62043795620437956204379562,96.69669669669669669669669670,96.96458684654300168634064081
1159056950,CARONDELET CAMPUS,charter,,,,,,,,,,,,,,,,,,56.63265306122448979591836735,63.52459016393442622950819672,71.76470588235294117647058824,,,,,,,
1159156975,CARONDELET LEADERSHIP ACADEMY,charter,,,,,,,,,,,,,,,,,,,,,59.34579439252336448598130841,56.29139072847682119205298013,58.93333333333333333333333333,60.0,65.65420560747663551401869159,69.40639269406392694063926941,70.55837563451776649746192893
1151154250,CARR LANE VISUAL & PERF. ARTS,slps,65.10416666666666666666666667,57.60368663594470046082949309,61.78571428571428571428571429,59.69696969696969696969696970,62.82420749279538904899135447,60.65573770491803278688524590,62.13991769547325102880658436,65.11156186612576064908722110,63.89496717724288840262582057,63.46153846153846153846153846,71.58119658119658119658119658,72.56857855361596009975062344,75.06112469437652811735941320,78.53260869565217391304347826,73.87640449438202247191011236,76.39751552795031055900621118,81.88976377952755905511811024,85.71428571428571428571428571,87.41258741258741258741258741,91.19496855345911949685534591,93.65994236311239193083573487,95.32163742690058479532163743,96.39423076923076923076923077,97.52747252747252747252747253,98.84057971014492753623188406,98.89807162534435261707988981,98.22485207100591715976331361
1151153070,CARR LANE VPA MIDDLE SCHOOL,slps,,,,62.21122112211221122112211221,59.96860282574568288854003140,60.03039513677811550151975684,60.937500,61.60849772382397572078907436,61.62246489859594383775351014,63.91585760517799352750809061,65.36661466458658346333853354,67.63754045307443365695792880,68.77076411960132890365448505,68.40336134453781512605042017,67.59098786828422876949740035,72.11009174311926605504587156,77.94392523364485981308411215,82.70833333333333333333333333,82.24299065420560747663551402,85.88469184890656063618290258,89.29219600725952813067150635,91.86046511627906976744186047,94.63327370304114490161001789,94.26229508196721311475409836,95.51166965888689407540394973,96.09236234458259325044404973,95.96330275229357798165137615
1151154280,CARVER ELEM.,slps,100,100,99.61685823754789272030651341,100,100,100,100,100,100,100,100,100,100,,,,,,,,,,,,,,
1151151860,CENTRAL VISUAL/PERF. ARTS HIGH,slps,60.80729166666666666666666667,61.68478260869565217391304348,58.97435897435897435897435897,61.13989637305699481865284974,59.27835051546391752577319588,60.80114449213161659513590844,62.21498371335504885993485342,58.53293413173652694610778443,56.44699140401146131805157593,60.95791001451378809869375907,65.60332871012482662968099861,65.42207792207792207792207792,65.92292089249492900608519270,66.07495069033530571992110454,66.91312384473197781885397412,67.46575342465753424657534247,71.91011235955056179775280899,72.09302325581395348837209302,73.75160051216389244558258643,76.65706051873198847262247839,78.16091954022988505747126437,77.30496453900709219858156028,79.63917525773195876288659794,84.32835820895522388059701493,85.10101010101010101010101010,86.27450980392156862745098039,85.64476885644768856447688564
1159116955,CITY GARDEN MONTESSORI CHARTER,charter,,,,,,,,,,,,,,,,,,,46.15384615384615384615384615,45.56962025316455696202531646,37.25490196078431372549019608,,44.91017964071856287425149701,45.68527918781725888324873096,50.47619047619047619047619048,49.32126696832579185520361991,49.78354978354978354978354978
1151154320,CLARK ELEM.,slps,99.54128440366972477064220183,99.45504087193460490463215259,99.71590909090909090909090909,99.74025974025974025974025974,100,100,99.72602739726027397260273973,99.74358974358974358974358974,99.73821989528795811518324607,100,100,99.69788519637462235649546828,99.61832061068702290076335878,100,100,99.63235294117647058823529412,98.79032258064516129032258065,97.28260869565217391304347826,96.44670050761421319796954315,,,,,,,,
1151154360,CLAY ELEM.,slps,77.15053763440860215053763441,78.83008356545961002785515320,84.01727861771058315334773218,83.49282296650717703349282297,87.55980861244019138755980861,87.26415094339622641509433962,85.58758314855875831485587583,86.93877551020408163265306122,89.95633187772925764192139738,92.74004683840749414519906323,92.73255813953488372093023256,93.38842975206611570247933884,97.61904761904761904761904762,99.13793103448275862068965517,98.55072463768115942028985507,99.60159362549800796812749004,97.63779527559055118110236220,95.15418502202643171806167401,97.23756906077348066298342541,97.26775956284153005464480874,99.34210526315789473684210526,96.800,97.12230215827338129496402878,99.31034482758620689655172414,97.56097560975609756097560976,98.27586206896551724137931034,98.57142857142857142857142857
1151151440,CLEVELAND NJROTC ACADEMY,slps,57.80911062906724511930585683,57.05458290422245108135942327,56.42105263157894736842105263,56.36550308008213552361396304,56.11222444889779559118236473,58.56299212598425196850393701,57.93573515092502434274586173,59.72093023255813953488372093,58.18882466281310211946050096,60.68052930056710775047258979,61.12676056338028169014084507,63.76344086021505376344086022,63.19148936170212765957446809,61.78278688524590163934426230,60.63694267515923566878980892,62.31292517006802721088435374,66.08478802992518703241895262,70.31700288184438040345821326,71.64179104477611940298507463,79.41176470588235294117647059,82.49027237354085603112840467,81.53846153846153846153846154,83.87096774193548387096774194,81.60535117056856187290969900,84.48275862068965517241379310,82.52788104089219330855018587,83.33333333333333333333333333
1151153060,CLINTON MIDDLE SCH.,slps,54.13533834586466165413533835,64.31095406360424028268551237,,,,,,,,,,,,,,,,,,,,,,,,,
1151154400,COLE ELEM.,slps,100,100,99.41520467836257309941520468,99.66777408637873754152823920,100,98.85931558935361216730038023,99.64664310954063604240282686,100,100,100,99.72299168975069252077562327,99.68454258675078864353312303,100,100,99.51923076923076923076923077,99.14893617021276595744680851,99.61977186311787072243346008,99.500,99.39759036144578313253012048,99.36708860759493670886075949,100,98.13084112149532710280373832,98.66220735785953177257525084,98.23008849557522123893805310,97.38219895287958115183246073,98.57954545454545454545454545,97.75910364145658263305322129
1159056925,COLLEGE HILL CAMPUS,charter,,,,,,,,,,,,,,,,,,94.59459459459459459459459459,100,100,,,,,,,
1151153080,COLUMBIA MIDDLE SCH.,slps,99.46380697050938337801608579,,,,,,,,,,,,,,,,,,,,,,,,,,
1151151222,COMMUNITY ACCESS JOB TRAINING,slps,,,,,,,65.00,64.44444444444444444444444444,68.49315068493150684931506849,73.86363636363636363636363636,78.64077669902912621359223301,77.66990291262135922330097087,80.53097345132743362831858407,78.33333333333333333333333333,80.19801980198019801980198020,79.48717948717948717948717949,82.17054263565891472868217054,85.51724137931034482758620690,84.73282442748091603053435115,81.56028368794326241134751773,83.20610687022900763358778626,80.48780487804878048780487805,,,,81.11888111888111888111888112,78.98550724637681159420289855
1151153390,COMPTON-DREW ILC MIDDLE SCH.,slps,,,,,,,59.64566929133858267716535433,60.22304832713754646840148699,62.500,61.47540983606557377049180328,62.800,62.94117647058823529411764706,64.58752515090543259557344064,66.30434782608695652173913043,66.30434782608695652173913043,67.52136752136752136752136752,74.01746724890829694323144105,75.17084282460136674259681093,73.25301204819277108433734940,76.11241217798594847775175644,82.12765957446808510638297872,85.31073446327683615819209040,87.47663551401869158878504673,89.65517241379310344827586207,90.72580645161290322580645161,92.51559251559251559251559252,91.80672268907563025210084034
1151156930,CONFLUENCE ACADEMIES,charter,,,,,,,,,,,,,,99.19028340080971659919028340,99.58634953464322647362978283,99.57507082152974504249291785,98.55072463768115942028985507,,,,,,,,,,
1159061920,CONFLUENCE PREPARATORY ACADEMY,charter,,,,,,,,,,,,,,,,,,,,97.85407725321888412017167382,97.17647058823529411764705882,98.61111111111111111111111111,97.63948497854077253218884120,97.84735812133072407045009785,98.52008456659619450317124736,99.68051118210862619808306709,99.47643979057591623036649215
1151151910,CONSTRUCTION CAREER CTR.,charter,,,,,,,,,,,,82.78688524590163934426229508,89.61538461538461538461538462,93.11475409836065573770491803,92.26190476190476190476190476,93.41692789968652037617554859,93.92265193370165745856353591,,,,,,,,,,
1159011910,CONSTRUCTION CAREERS CENTER,charter,,,,,,,,,,,,,,,,,,96.54377880184331797235023041,95.93908629441624365482233503,96.03174603174603174603174603,95.63862928348909657320872274,94.77611940298507462686567164,91.91919191919191919191919192,91.03773584905660377358490566,93.20987654320987654320987654,,
1151151380,CONTINUED EDUCATION PROJECT,slps,91.50326797385620915032679739,87.80487804878048780487804878,94.81481481481481481481481481,92.08633093525179856115107914,97.24770642201834862385321101,90.21739130434782608695652174,90.62500,95.83333333333333333333333333,90.0,92.85714285714285714285714286,91.89189189189189189189189189,90.62500,94.16666666666666666666666667,89.77272727272727272727272727,90.47619047619047619047619048,88.00,,,,,,,,,,,
1151154430,COOK BRANCH ELEM.,slps,100,100,,,,,,,,,,,,,,,,,,,,,,,,,
1151154410,COOK ELEM.,slps,,,100,100,100,100,100,99.66777408637873754152823920,100,99.33554817275747508305647841,100,100,100,,,,,,,,,,,,,,
1151153100,COOK MIDDLE SCH.,slps,100,100,,,,,,,,,,,,,,,,,,,,,,,,,
1151154440,COTE BRILLIANTE ELEM.,slps,100,100,100,100,100,100,100,100,100,100,100,100,100,100,99.68051118210862619808306709,100,99.31506849315068493150684932,96.93486590038314176245210728,98.53658536585365853658536585,99.01960784313725490196078431,97.75280898876404494382022472,95.78313253012048192771084337,99.42857142857142857142857143,99.07407407407407407407407407,98.29787234042553191489361702,99.45945945945945945945945946,98.55072463768115942028985507
1151151290,CTR. FOR MGMT. LAW & PUB. POL.,slps,58.15602836879432624113475177,57.38255033557046979865771812,49.37106918238993710691823899,,,,,,,,,,,,,,,,,,,,,,,,
1151154460,CUPPLES ELEM.,slps,100,100,100,100,100,100,100,100,100,100,100,100,100,,,,,,,,,,,,,,
1151154420,Columbia,slps,,99.75845410628019323671497585,99.74489795918367346938775510,99.73958333333333333333333333,99.12790697674418604651162791,100,99.69696969696969696969696970,99.68253968253968253968253968,99.67105263157894736842105263,99.03536977491961414790996785,100,100,99.68652037617554858934169279,100,100,99.33993399339933993399339934,99.66216216216216216216216216,100,99.500,99.44134078212290502793296089,99.45945945945945945945945946,100,100,99.54751131221719457013574661,99.45054945054945054945054945,100,98.72611464968152866242038217
1151154470,DEWEY SCH.-INTERNAT'L. STUDIES,slps,,,,,,,58.43230403800475059382422803,,58.39243498817966903073286052,58.77862595419847328244274809,65.13994910941475826972010178,,63.38797814207650273224043716,,,,,,,74.47306791569086651053864169,82.39436619718309859154929577,85.15815085158150851581508516,86.12440191387559808612440191,88.88888888888888888888888889,91.37466307277628032345013477,91.60104986876640419947506562,92.41192411924119241192411924
1151154480,DUNBAR AND BR.,slps,100,100,99.73118279569892473118279570,99.78723404255319148936170213,100,100,100,100,99.72972972972972972972972973,100,100,100,100,100,99.68354430379746835443037975,99.33333333333333333333333333,99.60629921259842519685039370,99.13793103448275862068965517,99.58506224066390041493775934,99.48186528497409326424870466,100,100,100,100,98.96907216494845360824742268,99.33333333333333333333333333,100
1159041915,E H LYLE MIDDLE/HIGH,charter,,,,,,,,,,,,,,,,,,98.43184559710494571773220748,99.57356076759061833688699360,100,,,,,,,
1159236995,EAGLE COLLEGE PREP ENDEAVOR,charter,,,,,,,,,,,,,,,,,,,,,,,,70.08547008547008547008547009,82.52427184466019417475728155,86.02150537634408602150537634,87.37864077669902912621359223
1159236996,EAGLE COLLEGE PREP-FOX PARK,charter,,,,,,,,,,,,,,,,,,,,,,,,,,86.80555555555555555555555556,95.45454545454545454545454545
1159236997,EAGLE TOWER GROVE EAST,charter,,,,,,,,,,,,,,,,,,,,,,,,,,,86.71328671328671328671328671
1151155610,"EARL NANCE, SR. ELEM.",slps,,,,,,,,,,,,,98.80478087649402390438247012,100,100,99.74554707379134860050890585,99.69879518072289156626506024,100,99.67426710097719869706840391,99.72144846796657381615598886,99.7500,99.71830985915492957746478873,99.72299168975069252077562327,99.73890339425587467362924282,99.70149253731343283582089552,98.97610921501706484641638225,99.27007299270072992700729927
1151154510,EARLY CHILDHOOD CENTER II,slps,,,61.64383561643835616438356164,57.40740740740740740740740741,62.73291925465838509316770186,60.86956521739130434782608696,59.47712418300653594771241830,64.05228758169934640522875817,58.53658536585365853658536585,60.38961038961038961038961039,68.53146853146853146853146853,70.07874015748031496062992126,,,,,,,,,,,,,,,
1151155520,ELIAS MICHAEL ELEM.,slps,67.21311475409836065573770492,68.33333333333333333333333333,76.27118644067796610169491525,76.74418604651162790697674419,75.47169811320754716981132075,75.00,,81.08108108108108108108108108,84.00,,85.10638297872340425531914894,,,,,,,,,,,,,89.65517241379310344827586207,,,
1151154500,ELIOT ELEM.,slps,98.48484848484848484848484848,99.00990099009900990099009901,98.52941176470588235294117647,99.05213270142180094786729858,99.58158995815899581589958159,100,99.66666666666666666666666667,99.65517241379310344827586207,99.38080495356037151702786378,100,100,100,100,98.34254143646408839779005525,,,,,,,,,,,,,
1151154520,EMERSON ELEM.,slps,99.32659932659932659932659933,100,100,100,100,100,100,100,99.54337899543378995433789954,100,100,98.79518072289156626506024096,100,,,,,,,,,,,,,,
1151153130,ENRIGHT/CLASSICAL JR. ACAD.,slps,51.91637630662020905923344948,53.88739946380697050938337802,52.69922879177377892030848329,51.52354570637119113573407202,53.26370757180156657963446475,50.15974440894568690095846645,53.71428571428571428571428571,51.87165775401069518716577540,49.86149584487534626038781163,46.41833810888252148997134670,46.41025641025641025641025641,48.01980198019801980198019802,51.09649122807017543859649123,53.78787878787878787878787879,54.37665782493368700265251989,,,,,,,,,,,,
1151156920,ETHEL HEDGEMAN LYLE ACADEMY,charter,,,,,,,,,,,100,100,100,97.76785714285714285714285714,99.71671388101983002832861190,99.21190893169877408056042032,98.45533915379449294828744124,,,,,,,,,,
1159046920,ETHEL HEDGEMAN LYLE ACADEMY,charter,,,,,,,,,,,,,,,,,,99.84917043740573152337858220,100,100,,,,,,,
1151154560,EUCLID MONTESSORI,slps,60.25641025641025641025641026,59.09090909090909090909090909,63.06306306306306306306306306,68.48739495798319327731092437,70.68273092369477911646586345,71.22641509433962264150943396,72.58883248730964467005076142,70.91836734693877551020408163,72.68041237113402061855670103,78.52760736196319018404907975,82.53968253968253968253968254,80.29197080291970802919708029,85.937500,85.12396694214876033057851240,82.45614035087719298245614035,86.11111111111111111111111111,82.41758241758241758241758242,,,,,,,,,,
1151154550,EUCLID MONTESSORI BRANCH II,slps,60.86956521739130434782608696,,48.437500,50.0,49.09090909090909090909090909,46.77419354838709677419354839,61.66666666666666666666666667,58.33333333333333333333333333,67.500,,,,,,,,,,,,,,,,,,
1151159990,EXTERNAL LOCATION,slps,,,,,,,,100,97.14285714285714285714285714,71.62162162162162162162162162,86.44067796610169491525423729,76.41196013289036544850498339,76.17187500,84.19580419580419580419580420,,77.80979827089337175792507205,59.48905109489051094890510949,,,,,,,,,,
1151153140,FANNING MIDDLE COMMUNITY ED.,slps,,,,,,,,,,,80.98765432098765432098765432,,83.77659574468085106382978723,,88.48920863309352517985611511,88.42105263157894736842105263,,,88.28828828828828828828828829,,94.05099150141643059490084986,94.91978609625668449197860963,94.11764705882352941176470588,96.14395886889460154241645244,96.53333333333333333333333333,93.53932584269662921348314607,92.22614840989399293286219081
1151154570,FARRAGUT BRANCH I,slps,100,,,,,,,,,,,,,,,,,,,,,,,,,,
1151154590,FARRAGUT BRANCH II,slps,99.04761904761904761904761905,100,97.67441860465116279069767442,,,,,,,,,,,,,,,,,,,,,,,,
1151154580,FARRAGUT ELEM.,slps,100,100,100,100,100,100,100,100,100,100,100,100,100,99.70238095238095238095238095,99.62546816479400749063670412,99.55947136563876651982378855,99.24812030075187969924812030,100,99.43820224719101123595505618,99.42528735632183908045977011,99.41520467836257309941520468,100,100,100,100,100,99.33333333333333333333333333
1151154600,FIELD ELEM.,slps,100,99.58158995815899581589958159,99.49748743718592964824120603,99.34210526315789473684210526,99.34210526315789473684210526,,,,,,,,,,,,,,,,,,,,,,
1151154630,FORD ELEM.,slps,99.75369458128078817733990148,99.75490196078431372549019608,100,100,100,100,100,100,100,100,100,100,100,99.2500,99.35064935064935064935064935,100,99.09909909909909909909909910,98.95833333333333333333333333,99.65635738831615120274914089,98.87640449438202247191011236,97.23183391003460207612456747,99.53271028037383177570093458,99.51690821256038647342995169,99.19678714859437751004016064,99.32659932659932659932659933,99.57081545064377682403433476,98.68995633187772925764192140
1151155900,FROEBEL BRANCH,slps,,,,,,,,,,,96.92307692307692307692307692,89.34426229508196721311475410,,,,,,,,,,,,,,,
1151154660,FROEBEL ELEM.,slps,43.52941176470588235294117647,46.62698412698412698412698413,49.85074626865671641791044776,62.38317757009345794392523364,66.57142857142857142857142857,,,,87.32394366197183098591549296,88.68686868686868686868686869,88.15165876777251184834123223,89.12386706948640483383685801,91.19170984455958549222797927,92.95499021526418786692759295,94.40715883668903803131991051,93.54838709677419354838709677,91.82561307901907356948228883,90.47619047619047619047619048,89.31297709923664122137404580,91.69139465875370919881305638,94.00,92.98245614035087719298245614,94.17177914110429447852760736,96.00,95.25316455696202531645569620,95.27559055118110236220472441,93.02325581395348837209302326
1151154720,GALLAUDET SCH. FOR DEAF ELEM.,slps,71.64179104477611940298507463,70.96774193548387096774193548,73.84615384615384615384615385,79.71014492753623188405797101,76.05633802816901408450704225,76.11940298507462686567164179,79.66101694915254237288135593,,68.00,78.26086956521739130434782609,,,,,,,,82.92682926829268292682926829,78.04878048780487804878048780,,,,,,,,
1151154700,GARFIELD ELEM.,slps,57.36961451247165532879818594,55.43071161048689138576779026,62.15139442231075697211155378,66.66666666666666666666666667,69.20152091254752851711026616,73.33333333333333333333333333,,,,,,82.05980066445182724252491694,75.26315789473684210526315789,,,,,,,,,,,,,,
1151154730,GATEWAY ELEM.,slps,,,,,,59.27419354838709677419354839,60.82862523540489642184557439,62.17712177121771217712177122,62.08791208791208791208791209,62.28239845261121856866537718,64.46601941747572815533980583,65.05791505791505791505791506,63.56435643564356435643564356,67.66467065868263473053892216,70.10101010101010101010101010,74.26326129666011787819253438,76.82119205298013245033112583,81.89655172413793103448275862,82.61851015801354401805869074,85.28138528138528138528138528,92.20183486238532110091743119,94.69548133595284872298624754,97.61467889908256880733944954,97.03703703703703703703703704,97.26027397260273972602739726,97.50957854406130268199233716,98.34024896265560165975103734
1151151220,GATEWAY HIGH,slps,,,57.46421267893660531697341513,57.82472613458528951486697966,56.46203554119547657512116317,57.79889152810768012668250198,58.04416403785488958990536278,57.55603759942154736080983369,,,58.90985324947589098532494759,58.51851851851851851851851852,59.89232839838492597577388964,59.90168539325842696629213483,,,68.6400,,72.53032928942807625649913345,70.88156723063223508459483526,72.53218884120171673819742489,73.500,74.51146983857264231096006797,75.56131260794473229706390328,76.27118644067796610169491525,79.96515679442508710801393728,81.34057971014492753623188406
1151151221,GATEWAY MICHAEL HIGH,slps,,,,,,,,61.53846153846153846153846154,,,,,,,,,,,,,,,,,,,
1151153230,GATEWAY MIDDLE SCH.,slps,,,,,,61.47859922178988326848249027,60.95380029806259314456035768,64.37414030261348005502063274,59.94108983799705449189985272,60.74766355140186915887850467,64.99238964992389649923896499,,,,,,,,,,89.00862068965517241379310345,90.64449064449064449064449064,92.09138840070298769771528998,94.08783783783783783783783784,96.95885509838998211091234347,97.34042553191489361702127660,97.46588693957115009746588694
1159166997,GATEWAY SCIENCE ACAD-SOUTH ELE,charter,,,,,,,,,,,,,,,,,,,,,,,,39.56043956043956043956043956,38.65030674846625766871165644,38.46153846153846153846153846,42.00
1159161940,GATEWAY SCIENCE ACAD/MID/HIGH,charter,,,,,,,,,,,,,,,,,,,,,,,23.63636363636363636363636364,24.77341389728096676737160121,29.67032967032967032967032967,28.68852459016393442622950820,31.90661478599221789883268482
1159166980,GATEWAY SCIENCE ACAD/ST LOUIS,charter,,,,,,,,,,,,,,,,,,,,,17.64705882352941176470588235,18.08278867102396514161220044,20.54794520547945205479452055,19.41309255079006772009029345,17.45283018867924528301886792,16.43835616438356164383561644,16.17312072892938496583143508
1159163935,GATEWAY SCIENCE ACADEMY MIDDLE,charter,,,,,,,,,,,,,,,,,,,,,,,,,26.52173913043478260869565217,25.52301255230125523012552301,32.28346456692913385826771654
1159183920,GRAND CENTER ARTS ACADEMY,charter,,,,,,,,,,,,,,,,,,,,,74.75728155339805825242718447,73.46938775510204081632653061,67.12328767123287671232876712,70.43795620437956204379562044,72.23880597014925373134328358,72.67080745341614906832298137,72.41379310344827586206896552
1159181945,GRAND CENTER ARTS ACADEMY HIGH,charter,,,,,,,,,,,,,,,,,,,,,,,,,70.76023391812865497076023392,68.25775656324582338902147971,68.26923076923076923076923077
1151151015,GRISCOM DETENTION CTR.,slps,,,,,94.28571428571428571428571429,95.74468085106382978723404255,94.31818181818181818181818182,93.90243902439024390243902439,98.57142857142857142857142857,91.54929577464788732394366197,87.20930232558139534883720930,96.73913043478260869565217391,98.63013698630136986301369863,94.89795918367346938775510204,95.58823529411764705882352941,91.30434782608695652173913043,,100,95.65217391304347826086956522,97.22222222222222222222222222,95.34883720930232558139534884,,,,,100,100
1151156680,GRISCOM DETENTION CTR.,slps,86.66666666666666666666666667,89.79591836734693877551020408,94.28571428571428571428571429,87.17948717948717948717948718,,,,,,,,,,,,,,,,,,,,,,,
1151154760,GUNDLACH ELEM.,slps,100,100,100,99.49494949494949494949494949,100,100,99.500,100,100,100,99.20634920634920634920634921,100,100,100,100,100,100,100,,,,,,,,,
1151154800,HAMILTON BRANCH,slps,100,100,,,,,,,,,,,,,,,,,,,,,,,,,
1151154780,HAMILTON ELEM. COMMUNITY ED.,slps,,,,,,,,73.65491651205936920222634508,73.98058252427184466019417476,84.05405405405405405405405405,88.92307692307692307692307692,89.71428571428571428571428571,97.54098360655737704918032787,98.90909090909090909090909091,98.78048780487804878048780488,98.90510948905109489051094891,98.34024896265560165975103734,98.13084112149532710280373832,97.84172661870503597122302158,94.76744186046511627906976744,97.64309764309764309764309764,96.96969696969696969696969697,99.07120743034055727554179567,98.63387978142076502732240437,99.71428571428571428571428571,99.29328621908127208480565371,98.95833333333333333333333333
1151154820,HARRISON ELEM.,slps,100,100,100,100,100,,,,,,,,,,,,,,,,,,,,,,
1159253910,HAWTHORN LEADERSHIP SCHL GIRLS,charter,,,,,,,,,,,,,,,,,,,,,,,,,,97.58064516129032258064516129,95.93023255813953488372093023
1151151410,HEALTH CAREERS HIGH,slps,52.83505154639175257731958763,54.00516795865633074935400517,,,,,,,,,,,,,,,,,,,,,,,,,
1151154850,HEMPSTEAD BRANCH I,slps,100,100,,,,,,,,,,,,,,,,,,,,,,,,,
1151154840,HEMPSTEAD ELEM.,slps,100,100,99.72375690607734806629834254,99.76744186046511627906976744,100,100,99.08536585365853658536585366,100,99.74683544303797468354430380,100,100,99.33993399339933993399339934,100,,,,,,,,,,,,,,
1151154880,HENRY ELEM.,slps,60.51502145922746781115879828,64.49579831932773109243697479,68.63543788187372708757637475,74.45972495088408644400785855,74.40191387559808612440191388,81.93343898573692551505546751,82.41206030150753768844221106,89.29159802306425041186161450,92.56198347107438016528925620,92.09183673469387755102040816,96.83098591549295774647887324,98.17351598173515981735159817,100,100,100,100,100,97.88359788359788359788359788,92.12121212121212121212121212,90.04329004329004329004329004,96.42857142857142857142857143,99.05660377358490566037735849,97.67441860465116279069767442,98.34254143646408839779005525,99.45054945054945054945054945,98.88888888888888888888888889,98.24561403508771929824561404
1151154900,HERZOG ELEM.,slps,100,100,100,100,100,100,100,100,100,100,100,100,98.85057471264367816091954023,100,99.63235294117647058823529412,100,100,99.19028340080971659919028340,100,99.74160206718346253229974160,99.71671388101983002832861190,99.45799457994579945799457995,99.73118279569892473118279570,99.74293059125964010282776350,99.75062344139650872817955112,99.66442953020134228187919463,99.63235294117647058823529412
1151154890,HICKEY ELEM.,slps,,,100,100,100,99.62121212121212121212121212,99.25650557620817843866171004,100,99.37694704049844236760124611,100,100,100,100,100,100,99.67426710097719869706840391,99.35897435897435897435897436,97.33333333333333333333333333,100,99.61538461538461538461538462,98.61751152073732718894009217,99.51690821256038647342995169,98.93048128342245989304812834,100,98.97959183673469387755102041,99.36305732484076433121019108,99.42528735632183908045977011
1151153200,HICKEY MIDDLE SCH.,slps,100,100,,,,,,,,,,,,,,,,,,,,,,,,,
1151154920,HODGEN ELEM.,slps,75.75757575757575757575757576,71.36150234741784037558685446,78.55477855477855477855477855,83.01886792452830188679245283,87.70491803278688524590163934,94.52736318407960199004975124,,84.78747203579418344519015660,82.11538461538461538461538462,80.12684989429175475687103594,93.61233480176211453744493392,98.05013927576601671309192201,97.65013054830287206266318538,96.89265536723163841807909605,96.93877551020408163265306122,97.16312056737588652482269504,97.76785714285714285714285714,98.00995024875621890547263682,97.30941704035874439461883408,97.30941704035874439461883408,95.90163934426229508196721311,95.27896995708154506437768240,96.88715953307392996108949416,97.85714285714285714285714286,95.53903345724907063197026022,97.30941704035874439461883408,98.52216748768472906403940887
1151154960,HUMBOLDT ACAD OF HIGHER LRNING,slps,,,,,,,,,,,,,,,,,,,,,,83.73493975903614457831325301,88.92857142857142857142857143,90.93959731543624161073825503,92.69841269841269841269841270,93.12977099236641221374045802,92.09302325581395348837209302
1151153210,HUMBOLT VISUAL/PERF. ARTS,slps,55.02008032128514056224899598,55.51020408163265306122448980,57.91505791505791505791505792,,,,,78.91566265060240963855421687,74.17218543046357615894039735,80.97826086956521739130434783,85.14851485148514851485148515,86.400,90.26128266033254156769596200,92.24598930481283422459893048,95.69620253164556962025316456,94.60317460317460317460317460,95.14170040485829959514170040,,,,,,,,,,
1159076935,IA OF ACADEMIC SUCCESS,charter,,,,,,,,,,,,,,,,,,99.25925925925925925925925926,99.80198019801980198019801980,99.58158995815899581589958159,98.85321100917431192660550459,99.79057591623036649214659686,,,,,
1159086940,IA OF CAREERS ELEM.,charter,,,,,,,,,,,,,,,,,,96.71641791044776119402985075,95.01187648456057007125890736,94.13202933985330073349633252,95.04504504504504504504504505,96.82203389830508474576271186,,,,,
1159083915,IA OF CAREERS MIDDLE,charter,,,,,,,,,,,,,,,,,,99.09909909909909909909909910,99.09365558912386706948640483,98.60627177700348432055749129,99.16897506925207756232686981,99.25558312655086848635235732,,,,,
1159096945,IA OF ENVIRON. SCIENCE/MATH,charter,,,,,,,,,,,,,,,,,,94.33333333333333333333333333,98.63013698630136986301369863,99.02840059790732436472346786,99.03201787043931496649292628,99.45736434108527131782945736,,,,,
1159081925,IMAGINE COLLEGE PREP. HIGH,charter,,,,,,,,,,,,,,,,,,,98.58064516129032258064516129,98.47328244274809160305343511,99.32975871313672922252010724,98.79194630872483221476510067,,,,,
1151154980,IRVING ELEM.,slps,99.75845410628019323671497585,98.39142091152815013404825737,98.18840579710144927536231884,,,,,,,,,,,,,,,,,,,,,,,,
1151155000,JACKSON ELEM.,slps,95.57522123893805309734513274,96.03960396039603960396039604,97.84482758620689655172413793,98.15498154981549815498154982,95.66787003610108303249097473,94.77124183006535947712418301,97.05882352941176470588235294,97.72727272727272727272727273,98.45559845559845559845559846,99.35483870967741935483870968,98.97610921501706484641638225,98.59649122807017543859649123,97.500,,,,,,,,,,,,,,
1159216985,JAMAA LEARNING CENTER,charter,,,,,,,,,,,,,,,,,,,,,,100,99.34210526315789473684210526,100,100,100,
1151155020,JEFFERSON ELEM.,slps,99.31350114416475972540045767,99.76958525345622119815668203,100,100,100,99.71590909090909090909090909,100,100,100,100,99.70845481049562682215743440,99.46808510638297872340425532,99.11504424778761061946902655,100,99.73474801061007957559681698,100,100,99.65034965034965034965034965,100,99.53271028037383177570093458,100,100,98.61751152073732718894009217,96.72897196261682242990654206,99.01477832512315270935960591,98.39572192513368983957219251,97.84946236559139784946236559
1151155030,KENNARD/CLASSICAL JR. ACAD.,slps,51.49700598802395209580838323,52.73775216138328530259365994,56.23188405797101449275362319,56.94822888283378746594005450,56.06469002695417789757412399,56.57142857142857142857142857,57.26744186046511627906976744,56.23188405797101449275362319,58.72093023255813953488372093,56.36363636363636363636363636,56.50887573964497041420118343,54.17867435158501440922190202,57.75862068965517241379310345,58.25825825825825825825825826,59.14285714285714285714285714,,,,,,43.96551724137931034482758621,41.66666666666666666666666667,42.44186046511627906976744186,41.19241192411924119241192412,41.45658263305322128851540616,38.65030674846625766871165644,33.77049180327868852459016393
1151153220,KING MIDDLE SCH.,slps,100,100,100,,,,,,,,,,,,,,,,,,,,,,,,
1159146970,KIPP INSPIRE ACADEMY,charter,,,,,,,,,,,,,,,,,,,,100,100,99.61389961389961389961389961,97.59036144578313253012048193,98.51190476190476190476190476,99.10714285714285714285714286,98.54651162790697674418604651,99.36305732484076433121019108
1159146973,KIPP TRIUMPH ACADEMY,charter,,,,,,,,,,,,,,,,,,,,,,,,,,100,100
1159146971,KIPP VICTORY ACADEMY,charter,,,,,,,,,,,,,,,,,,,,,,,,,98.10426540284360189573459716,100,99.77116704805491990846681922
1159146972,KIPP WISDOM ACADEMY,charter,,,,,,,,,,,,,,,,,,,,,,,,,,98.55072463768115942028985507,98.73015873015873015873015873
1151153280,L'OUVERTURE MIDDLE SCH.,slps,72.18045112781954887218045113,74.59459459459459459459459459,90.92827004219409282700421941,92.64367816091954022988505747,91.47727272727272727272727273,96.06481481481481481481481481,97.36263736263736263736263736,98.24561403508771929824561404,98.06295399515738498789346247,98.30508474576271186440677966,99.19786096256684491978609626,98.08153477218225419664268585,99.30232558139534883720930233,98.33333333333333333333333333,99.10447761194029850746268657,99.31972789115646258503401361,99.52830188679245283018867925,96.61835748792270531400966184,94.39655172413793103448275862,96.00,96.51162790697674418604651163,94.95798319327731092436974790,96.07843137254901960784313725,,,,
1159283910,LA SALLE CHARTER SCHOOL,charter,,,,,,,,,,,,,,,,,,,,,,,,,,98.86363636363636363636363636,98.07692307692307692307692308
1151155060,LACLEDE ELEM.,slps,99.76851851851851851851851852,99.69512195121951219512195122,100,100,100,100,100,100,100,100,100,100,100,100,100,99.32203389830508474576271186,99.24242424242424242424242424,98.44961240310077519379844961,98.37398373983739837398373984,99.60937500,99.59183673469387755102040816,99.45355191256830601092896175,99.52830188679245283018867925,98.79032258064516129032258065,98.92857142857142857142857143,99.51456310679611650485436893,99.42857142857142857142857143
1151155080,LAFAYETTE ELEM.,slps,56.21621621621621621621621622,62.500,69.05829596412556053811659193,63.57142857142857142857142857,,,75.94654788418708240534521158,77.00421940928270042194092827,84.22090729783037475345167653,81.42857142857142857142857143,86.88524590163934426229508197,87.31884057971014492753623188,81.55737704918032786885245902,83.65384615384615384615384615,,,,,,,,,,,,,
1159246993,LAFAYETTE PREPARATORY ACADEMY,charter,,,,,,,,,,,,,,,,,,,,,,,,,72.72727272727272727272727273,71.17647058823529411764705882,64.80686695278969957081545064
1151153240,LANGSTON MIDDLE SCH.,slps,99.60159362549800796812749004,99.29824561403508771929824561,99.72602739726027397260273973,100,100,100,100,100,100,99.75786924939467312348668281,100,100,100,100,100,100,100,99.67845659163987138263665595,99.35483870967741935483870968,98.85057471264367816091954023,97.99331103678929765886287625,97.31543624161073825503355705,98.68421052631578947368421053,98.56115107913669064748201439,97.87234042553191489361702128,100,99.45054945054945054945054945
1151155100,LEXINGTON ELEM.,slps,100,100,99.66442953020134228187919463,100,100,100,100,100,99.79423868312757201646090535,100,100,100,99.64912280701754385964912281,100,100,99.65986394557823129251700680,100,100,100,98.81889763779527559055118110,100,99.21568627450980392156862745,99.60937500,100,99.41002949852507374631268437,100,99.70326409495548961424332344
1151153910,LIFT FOR LIFE ACADEMY,charter,,,,,,,,,,,96.82539682539682539682539683,97.97297297297297297297297297,96.65071770334928229665071770,100,99.60159362549800796812749004,98.76543209876543209876543210,95.43726235741444866920152091,,,,,,,,,,
1159023910,LIFT FOR LIFE ACADEMY,charter,,,,,,,,,,,,,,,,,,94.73684210526315789473684211,94.85714285714285714285714286,93.77880184331797235023041475,93.65079365079365079365079365,94.23076923076923076923076923,96.13899613899613899613899614,96.13899613899613899613899614,94.09448818897637795275590551,93.03278688524590163934426230,94.14062500
1159021935,LIFT FOR LIFE ACADEMY HIGH SCH,charter,,,,,,,,,,,,,,,,,,,,,,93.65079365079365079365079365,92.187500,92.63803680981595092024539877,92.13836477987421383647798742,91.52046783625730994152046784,92.23602484472049689440993789
1151153260,LONG MIDDLE SCH.,slps,46.53846153846153846153846154,54.34083601286173633440514469,63.42710997442455242966751918,60.94674556213017751479289941,68.98734177215189873417721519,67.84968684759916492693110647,,64.58333333333333333333333333,,52.38095238095238095238095238,51.63147792706333973128598848,41.26126126126126126126126126,48.81720430107526881720430108,39.49416342412451361867704280,48.67424242424242424242424242,48.12206572769953051643192488,45.26315789473684210526315789,,,,58.17610062893081761006289308,59.27272727272727272727272727,63.56589147286821705426356589,60.40816326530612244897959184,70.71129707112970711297071130,75.23809523809523809523809524,74.61139896373056994818652850
1151155160,LOWELL ELEM.,slps,99.52153110047846889952153110,100,95.72953736654804270462633452,97.75561097256857855361596010,96.73913043478260869565217391,97.65258215962441314553990610,98.10426540284360189573459716,97.83132530120481927710843373,96.74418604651162790697674419,97.43589743589743589743589744,98.14323607427055702917771883,98.88268156424581005586592179,97.500,,,,,,,,,,,,,,
1151155180,LYON ACADEMY - BASIC INSTR.,slps,40.22556390977443609022556391,54.63917525773195876288659794,55.60975609756097560975609756,52.65151515151515151515151515,54.04411764705882352941176471,55.88235294117647058823529412,55.39568345323741007194244604,55.07246376811594202898550725,53.57142857142857142857142857,54.47470817120622568093385214,56.32183908045977011494252874,62.34817813765182186234817814,58.71212121212121212121212121,58.92116182572614107883817427,58.84955752212389380530973451,62.17391304347826086956521739,64.13043478260869565217391304,63.81578947368421052631578947,,70.76023391812865497076023392,74.2187500,73.64532019704433497536945813,77.55681818181818181818181818,83.54755784061696658097686375,86.82170542635658914728682171,84.73684210526315789473684211,88.48484848484848484848484848
1151155220,MADISON A.L.C.E. ELEM.,slps,64.16382252559726962457337884,69.600,,,,,,,,,,,,,,,,,,,,,,,,,
1151155240,MALLINCKRODT A.B.I. ELEM.,slps,53.52941176470588235294117647,54.800,58.14814814814814814814814815,58.69565217391304347826086957,60.34482758620689655172413793,57.81818181818181818181818182,58.33333333333333333333333333,59.28571428571428571428571429,61.17647058823529411764705882,60.82089552238805970149253731,60.07462686567164179104477612,61.56862745098039215686274510,60.800,63.70967741935483870967741935,62.79069767441860465116279070,62.69230769230769230769230769,63.22314049586776859504132231,61.13537117903930131004366812,62.62135922330097087378640777,64.17112299465240641711229947,67.41573033707865168539325843,59.58549222797927461139896373,60.47430830039525691699604743,52.400,45.22821576763485477178423237,36.86274509803921568627450980,31.37254901960784313725490196
1151155260,MANN ELEM.,slps,45.84323040380047505938242280,53.12500,47.21407624633431085043988270,63.70370370370370370370370370,67.21311475409836065573770492,71.87500,78.77461706783369803063457330,79.60687960687960687960687961,,,,,,,,,,,,,88.40579710144927536231884058,86.81818181818181818181818182,89.63963963963963963963963964,89.78102189781021897810218978,89.03225806451612903225806452,85.53719008264462809917355372,84.25196850393700787401574803
1151155290,MARK TWAIN BRANCH ELEM.,slps,100,100,,,,,,,,,,,,,,,,,,,,,,,,,
1151155280,MARK TWAIN ELEM.,slps,100,100,100,100,100,100,100,100,100,100,99.66442953020134228187919463,99.63503649635036496350364964,100,100,99.63636363636363636363636364,99.600,100,100,99.53703703703703703703703704,,,,,,,,
1151153300,MARQUETTE V.P.A. MIDDLE SCH.,slps,56.50406504065040650406504065,60.21897810218978102189781022,60.50724637681159420289855072,,,,,,,,,,,,,,,,,,,,,,,,
1151155320,MARSHALL ELEM.,slps,100,100,100,100,100,100,100,100,100,92.33716475095785440613026820,94.50980392156862745098039216,96.96969696969696969696969697,98.90109890109890109890109890,,,,,,,,,,,,,,
1151155340,MASON ELEM.,slps,,,,,,,64.57564575645756457564575646,60.72727272727272727272727273,58.20512820512820512820512821,56.33802816901408450704225352,59.46666666666666666666666667,54.19161676646706586826347305,52.08333333333333333333333333,56.07235142118863049095607235,52.17391304347826086956521739,46.48829431438127090301003344,40.25157232704402515723270440,,42.49084249084249084249084249,,49.67320261437908496732026144,53.37423312883435582822085890,57.10594315245478036175710594,58.77862595419847328244274809,65.94202898550724637681159420,68.90547263681592039800995025,65.53672316384180790960451977
1151153320,MASON I.L.C. MIDDLE MAGNET,slps,54.76190476190476190476190476,60.98484848484848484848484848,57.57575757575757575757575758,59.40959409594095940959409594,60.68702290076335877862595420,57.09090909090909090909090909,,,,,,,,,,,,,,,,,,,,,
1151151570,MCKINLEY CLASS. LEADERSHIP AC.,slps,,,,,,,,,,,,,,,,,,,,,57.44186046511627906976744186,56.21890547263681592039800995,60.09732360097323600973236010,60.75949367088607594936708861,57.57009345794392523364485981,58.52272727272727272727272727,57.51748251748251748251748252
1151153540,MEL CARNAHAN MIDDLE,slps,,,,,,,,,,,,,,90.34205231388329979879275654,91.64969450101832993890020367,90.94650205761316872427983539,,,,,,,,,,,
1151155500,MERAMEC ELEM.,slps,30.29411764705882352941176471,35.21594684385382059800664452,34.34903047091412742382271468,44.56521739130434782608695652,53.63321799307958477508650519,61.56583629893238434163701068,64.93506493506493506493506494,77.47747747747747747747747748,83.71501272264631043256997455,86.13861386138613861386138614,84.70588235294117647058823529,87.79527559055118110236220472,89.43089430894308943089430894,92.59259259259259259259259259,94.24460431654676258992805755,94.64285714285714285714285714,93.54838709677419354838709677,94.23076923076923076923076923,97.25274725274725274725274725,92.41706161137440758293838863,96.90265486725663716814159292,89.42307692307692307692307692,92.03187250996015936254980080,87.39130434782608695652173913,93.53448275862068965517241379,94.92385786802030456852791878,93.7500
1151151560,METRO HIGH,slps,49.10714285714285714285714286,52.99539170506912442396313364,,50.68493150684931506849315068,50.45454545454545454545454545,53.84615384615384615384615385,50.19607843137254901960784314,50.38759689922480620155038760,49.40711462450592885375494071,50.75187969924812030075187970,48.437500,45.12195121951219512195121951,,,49.22480620155038759689922481,,,50.0,50.65789473684210526315789474,,57.04467353951890034364261168,57.40740740740740740740740741,60.12658227848101265822784810,62.08955223880597014925373134,58.20895522388059701492537313,59.28143712574850299401197605,60.88235294117647058823529412
1151155550,MITCHELL BRANCH ELEM.,slps,100,100,,,,,,,,,,,,,,,,,,,,,,,,,
1151155540,MITCHELL ELEM.,slps,100,100,99.66216216216216216216216216,100,100,100,100,99.66887417218543046357615894,100,99.21568627450980392156862745,99.19678714859437751004016064,99.14163090128755364806866953,99.10714285714285714285714286,100,99.24242424242424242424242424,100,100,98.35390946502057613168724280,,,,,,,,,
1151155560,MONROE ELEM.,slps,,,,,,,,,,,,91.37931034482758620689655172,93.26424870466321243523316062,90.88145896656534954407294833,91.55844155844155844155844156,94.57831325301204819277108434,93.78378378378378378378378378,92.02898550724637681159420290,84.53038674033149171270718232,89.49771689497716894977168950,88.13559322033898305084745763,91.32231404958677685950413223,89.71061093247588424437299035,92.58064516129032258064516129,91.31832797427652733118971061,94.17808219178082191780821918,94.67680608365019011406844106
1151155590,MULLANPHY BOTANICAL GARDENS,slps,,,,57.82122905027932960893854749,60.72186836518046709129511677,60.46511627906976744186046512,61.15384615384615384615384615,61.93181818181818181818181818,62.32464929859719438877755511,61.132812500,63.93805309734513274336283186,69.08665105386416861826697892,66.58227848101265822784810127,68.39622641509433962264150943,63.37662337662337662337662338,,67.20930232558139534883720930,69.69696969696969696969696970,72.57281553398058252427184466,77.88461538461538461538461538,83.79120879120879120879120879,87.60563380281690140845070423,89.95215311004784688995215311,91.31513647642679900744416873,88.65435356200527704485488127,88.85941644562334217506631300,90.35812672176308539944903581
1151153340,MULLANPHY MIDDLE SCH.,slps,73.80191693290734824281150160,73.12925170068027210884353741,,,,,,,,,,,,,,,,,,,,,,,,,
1151154970,NAHED CHAPMAN NEW AMERICAN ACA,slps,,,,,,,,,,,,,,,,,,,,,,,,,,86.22448979591836734693877551,59.41558441558441558441558442
1159136965,NORTH SIDE COMMUNITY SCHOOL,charter,,,,,,,,,,,,,,,,,,,,100,97.72727272727272727272727273,98.42931937172774869109947644,98.62385321100917431192660550,97.84172661870503597122302158,97.77777777777777777777777778,98.56321839080459770114942529,99.15254237288135593220338983
1151151590,NORTHWEST HIGH,slps,99.83164983164983164983164983,99.82332155477031802120141343,,,,,,,,,,,,,,,,,,,,,,,,,
1151153310,NORTHWEST MIDDLE SCHOOL,slps,,,,99.54233409610983981693363844,99.68652037617554858934169279,99.86206896551724137931034483,99.55489614243323442136498516,99.70457902511078286558345643,99.85673352435530085959885387,100,99.80988593155893536121673004,99.29775280898876404494382022,99.55882352941176470588235294,99.59677419354838709677419355,99.55257270693512304250559284,99.75845410628019323671497585,99.64412811387900355871886121,100,100,,,,,,,,
1151153360,NOTTINGHAM MIDDLE SCH.,slps,50.0,70.66666666666666666666666667,37.40740740740740740740740741,31.61290322580645161290322581,32.79742765273311897106109325,33.74485596707818930041152263,46.19047619047619047619047619,50.0,43.03797468354430379746835443,66.35071090047393364928909953,68.14814814814814814814814815,61.44578313253012048192771084,53.57142857142857142857142857,,,,,,,,,,,,,,
1151151120,O'FALLON TECHNICAL SCH.,slps,76.48456057007125890736342043,83.33333333333333333333333333,,,,,,,,,,,,,,,,,,,,,,,,,
1151155600,OAK HILL ELEM.,slps,46.87500,46.28712871287128712871287129,50.86505190311418685121107266,61.58357771260997067448680352,64.92307692307692307692307692,66.25386996904024767801857585,59.24855491329479768786127168,59.55882352941176470588235294,64.33260393873085339168490153,61.94503171247357293868921776,53.72093023255813953488372093,,,,28.99628252788104089219330855,40.82191780821917808219178082,,,,,69.29347826086956521739130435,71.02272727272727272727272727,76.79558011049723756906077348,78.08641975308641975308641975,80.25477707006369426751592357,72.38805970149253731343283582,70.94017094017094017094017094
1159066930,OLD NORTH,charter,,,,,,,,,,,,,,,,,,99.17061611374407582938388626,97.63860369609856262833675565,97.97008547008547008547008547,99.77876106194690265486725664,99.65556831228473019517795637,99.39975990396158463385354142,99.26199261992619926199261993,99.50556242274412855377008653,99.50310559006211180124223602,99.67479674796747967479674797
1151155620,PEABODY ELEM.,slps,100,100,100,100,100,99.27360774818401937046004843,100,100,94.45983379501385041551246537,96.30606860158311345646437995,97.41379310344827586206896552,100,100,99.13419913419913419913419913,100,99.69788519637462235649546828,99.40476190476190476190476190,98.93238434163701067615658363,98.46153846153846153846153846,98.52941176470588235294117647,99.36305732484076433121019108,100,100,99.67426710097719869706840391,99.55752212389380530973451327,99.47643979057591623036649215,100
1159193930,PRECLARUS MASTERY ACADEMY,charter,,,,,,,,,,,,,,,,,,,,,,96.11650485436893203883495146,96.45390070921985815602836879,99.51219512195121951219512195,100,99.34640522875816993464052288,100
1151153370,PRUITT MILITARY ACADEMY,slps,57.90816326530612244897959184,56.500,59.81087470449172576832151300,55.37525354969574036511156187,59.95575221238938053097345133,59.15178571428571428571428571,57.46268656716417910447761194,63.78378378378378378378378378,61.78861788617886178861788618,67.54098360655737704918032787,70.03610108303249097472924188,70.50847457627118644067796610,68.98734177215189873417721519,72.31833910034602076124567474,70.32967032967032967032967033,75.13227513227513227513227513,,,,,,,,,,,
1151155720,ROE ELEM.,slps,,,,,,,,,,,60.19108280254777070063694268,41.46341463414634146341463415,52.86624203821656050955414013,,,,,,,,,,,,,,
1151151640,ROOSEVELT 9TH GRADE CTR.,slps,,,,,,,,,,,,,,,,,84.91484184914841849148418491,87.29016786570743405275779376,84.74025974025974025974025974,,,,,,,,
1151151680,ROOSEVELT HIGH,slps,,,,,,,75.92339261285909712722298222,75.41899441340782122905027933,74.03790924755887421022400919,75.12328767123287671232876712,74.58654906284454244762954796,72.34359483614697120158887786,74.31434599156118143459915612,76.62170841361592806679511882,82.90766208251473477406679764,89.83268983268983268983268983,88.04448563484708063021316033,89.40936863543788187372708758,85.99810785241248817407757805,84.07224958949096880131362890,89.53140578265204386839481555,87.03071672354948805460750853,86.20309050772626931567328918,87.500,87.0400,86.67953667953667953667953668,89.39393939393939393939393939
1151155740,SCRUGGS ELEM.,slps,41.56118143459915611814345992,43.25481798715203426124197002,40.92664092664092664092664093,50.56390977443609022556390977,50.52410901467505241090146751,55.34188034188034188034188034,62.41299303944315545243619490,66.06741573033707865168539326,72.17898832684824902723735409,76.367187500,76.16926503340757238307349666,81.81818181818181818181818182,85.55555555555555555555555556,82.48407643312101910828025478,84.24242424242424242424242424,86.33879781420765027322404372,,,,,,,,,,,
1151155760,SCULLIN ELEM.,slps,100,100,99.66216216216216216216216216,100,100,100,100,100,100,100,100,99.64539007092198581560283688,100,,,,,,,,,,,,,,
1151155780,SHAW VISUAL & PERF. ARTS CTR.,slps,53.50140056022408963585434174,58.08219178082191780821917808,57.76397515527950310559006211,58.28402366863905325443786982,60.47120418848167539267015707,57.68194070080862533692722372,59.09090909090909090909090909,58.87096774193548387096774194,60.0,59.17312661498708010335917313,61.75637393767705382436260623,63.24786324786324786324786325,62.72189349112426035502958580,64.72303206997084548104956268,62.08955223880597014925373134,65.78947368421052631578947368,70.87378640776699029126213592,67.62820512820512820512820513,70.15384615384615384615384615,73.37461300309597523219814241,76.10062893081761006289308176,80.22922636103151862464183381,84.41558441558441558441558442,85.48387096774193548387096774,86.45833333333333333333333333,89.92042440318302387267904509,90.31413612565445026178010471
1159171930,SHEARWATER HIGH SCHOOL,charter,,,,,,,,,,,,,,,,,,,,,97.10144927536231884057971014,98.437500,96.96969696969696969696969697,,,,
1151155800,SHENANDOAH ELEM.,slps,65.28925619834710743801652893,70.14925373134328358208955224,67.58241758241758241758241758,,,,,88.11475409836065573770491803,88.76811594202898550724637681,86.48648648648648648648648649,89.87854251012145748987854251,93.30708661417322834645669291,93.14285714285714285714285714,95.13274336283185840707964602,94.75982532751091703056768559,92.17877094972067039106145251,95.27027027027027027027027027,,91.30434782608695652173913043,96.72131147540983606557377049,99.22480620155038759689922481,95.03546099290780141843971631,92.40506329113924050632911392,92.94117647058823529411764706,92.89617486338797814207650273,92.21556886227544910179640719,91.27906976744186046511627907
1151155820,SHEPARD ELEM.,slps,52.85714285714285714285714286,41.72661870503597122302158273,59.61123110151187904967602592,63.24200913242009132420091324,71.61572052401746724890829694,72.38493723849372384937238494,78.27648114901256732495511670,82.65524625267665952890792291,84.63203463203463203463203463,87.88461538461538461538461538,90.22869022869022869022869023,99.45504087193460490463215259,92.94871794871794871794871795,93.71257485029940119760479042,91.13924050632911392405063291,94.49838187702265372168284790,91.97080291970802919708029197,92.13973799126637554585152838,87.76978417266187050359712230,,,,,,,,
1151155840,SHERMAN ELEM.,slps,90.25974025974025974025974026,89.85507246376811594202898551,93.89830508474576271186440678,93.71727748691099476439790576,94.55252918287937743190661479,96.85714285714285714285714286,97.15189873417721518987341772,96.89655172413793103448275862,98.05194805194805194805194805,100,98.61111111111111111111111111,98.65771812080536912751677852,98.66666666666666666666666667,98.16513761467889908256880734,99.43820224719101123595505618,98.67841409691629955947136564,96.60194174757281553398058252,95.97701149425287356321839080,95.32163742690058479532163743,94.40559440559440559440559441,96.800,97.58064516129032258064516129,94.26751592356687898089171975,,,,
1151155860,SIGEL ELEM.,slps,75.86206896551724137931034483,79.24187725631768953068592058,78.41726618705035971223021583,82.54437869822485207100591716,82.87153652392947103274559194,84.84107579462102689486552567,82.19461697722567287784679089,83.49705304518664047151277014,82.49452954048140043763676149,83.40425531914893617021276596,80.90185676392572944297082228,85.00,87.13235294117647058823529412,,85.93155893536121673003802281,91.18773946360153256704980843,86.23853211009174311926605505,87.500,,86.72199170124481327800829876,88.2812500,91.22137404580152671755725191,94.800,94.22382671480144404332129964,96.91119691119691119691119691,95.33898305084745762711864407,93.72384937238493723849372385
1151155880,SIMMONS ELEM.,slps,,,,,,100,98.63013698630136986301369863,97.500,99.07407407407407407407407407,96.05263157894736842105263158,96.49122807017543859649122807,98.28767123287671232876712329,99.61089494163424124513618677,99.74226804123711340206185567,99.37694704049844236760124611,99.04458598726114649681528662,99.33554817275747508305647841,98.64864864864864864864864865,98.97260273972602739726027397,,,,,,,,
1151153380,SIMMONS MIDDLE SCH.,slps,100,99.72972972972972972972972973,100,100,100,,,,,,,,,,,,,,,,,,,,,,
1151151730,SOLDAN INTERNATIONAL STUDIES,slps,,,,,,,,,,,,,,,,,74.11095305832147937411095306,74.00295420974889217134416544,,83.57810413885180240320427236,88.46153846153846153846153846,91.02564102564102564102564103,94.39421338155515370705244123,96.42218246869409660107334526,96.20938628158844765342960289,96.79595278246205733558178752,97.03832752613240418118466899
1159066932,SOUTH CITY,charter,,,,,,,,,,,,,,,,,,96.22950819672131147540983607,94.64751958224543080939947781,94.59161147902869757174392936,94.36170212765957446808510638,95.62433297758804695837780149,95.88888888888888888888888889,97.09794437726723095525997582,97.500,97.61620977353992848629320620,97.66584766584766584766584767
1159203925,SOUTH CITY PREPARATORY ACADEMY,charter,,,,,,,,,,,,,,,,,,,,,,71.60493827160493827160493827,83.33333333333333333333333333,87.43455497382198952879581152,85.63829787234042553191489362,92.187500,95.58011049723756906077348066
1151151770,SOUTHWEST HIGH,slps,75.67873303167420814479638009,70.82706766917293233082706767,,,,,,,,,,,,,,,,,,,,,,,,,
1159201910,ST LOUIS COLLEGE PREP HIGH,charter,,,,,,,,,,,,,,,,,,,,,,,,,,88.15789473684210526315789474,92.81045751633986928104575163
1151156925,ST. LOUIS CHARTER ACADEMIES,charter,,,,,,,,,,,,,80.92868988391376451077943615,81.19935170178282009724473258,76.65289256198347107438016529,81.31634819532908704883227176,70.35087719298245614035087719,,,,,,,,,,
1151156915,ST. LOUIS CHARTER SCH.,charter,,,,,,,,,,,73.38403041825095057034220532,68.31812255541069100391134289,64.86784140969162995594713656,60.58230683090705487122060470,59.34182590233545647558386412,56.74217907227615965480043150,57.71305285868392664509169364,,,,,,,,,,
1159036915,ST. LOUIS CHARTER SCH.,charter,,,,,,,,,,,,,,,,,,57.14285714285714285714285714,54.50549450549450549450549451,53.77875136911281489594742607,56.54952076677316293929712460,55.69487983281086729362591432,57.97101449275362318840579710,55.76496674057649667405764967,54.55555555555555555555555556,55.78378378378378378378378378,55.53097345132743362831858407
1151156340,ST. LOUIS CHILDREN'S HOSPITAL,slps,95.23809523809523809523809524,68.18181818181818181818181818,,,,69.56521739130434782608695652,,,63.15789473684210526315789474,,,68.7500,68.42105263157894736842105263,64.70588235294117647058823529,,,,,,,,,,,95.65217391304347826086956522,,
1151151510,ST. LOUIS MED/BIO SCIENCE HIGH,slps,,,,,,,,,,,,,,,,,,,,,,,,68.85245901639344262295081967,75.45454545454545454545454545,71.83908045977011494252873563,69.19642857142857142857142857
1151153400,STEVENS MIDDLE SCH.,slps,100,100,100,100,100,100,100,100,99.64664310954063604240282686,100,100,100,100,100,100,98.85057471264367816091954023,98.71382636655948553054662379,99.61089494163424124513618677,98.90109890109890109890109890,99.59677419354838709677419355,99.42528735632183908045977011,,,,,,
1151155930,STIX EARLY CHILDHOOD CTR.,slps,,,,,,59.40594059405940594059405941,57.19557195571955719557195572,63.71951219512195121951219512,64.08839779005524861878453039,66.87898089171974522292993631,73.61111111111111111111111111,68.88888888888888888888888889,70.26143790849673202614379085,71.01910828025477707006369427,70.56856187290969899665551839,70.81967213114754098360655738,69.40063091482649842271293375,77.43902439024390243902439024,76.87296416938110749185667752,79.54545454545454545454545455,82.83378746594005449591280654,87.05882352941176470588235294,91.14285714285714285714285714,90.93567251461988304093567251,89.69696969696969696969696970,91.13149847094801223241590214,87.66666666666666666666666667
1151155920,STIX I.L.C. MAGNET ELEM.,slps,62.90322580645161290322580645,58.80398671096345514950166113,62.04620462046204620462046205,,,,,,,,,,,,,,,,,,,,,,,,
1151153420,STOWE MIDDLE SCH.,slps,100,100,99.62121212121212121212121212,100,100,100,99.76019184652278177458033573,100,100,99.53161592505854800936768150,100,100,100,100,99.57264957264957264957264957,99.71509971509971509971509972,,,,,,,,,,,
1151152070,STOWE PREPARATORY JR. HIGH,slps,,,,,,,,,,,,,,,,,99.19571045576407506702412869,99.63369963369963369963369963,100,,,,,,,,
1151151620,SUMNER 9TH GRADE CTR.,slps,,,,,,,,,,,,,,,,,100,,,,,,,,,,
1151151800,SUMNER HIGH AT MCKINLEY,slps,100,100,99.93256911665542818610923803,100,100,100,100,100,100,97.52168525402726146220570012,97.26027397260273972602739726,98.64099660249150622876557191,99.00552486187845303867403315,99.54296160877513711151736746,99.52076677316293929712460064,99.58779884583676834295136026,99.64285714285714285714285714,99.01574803149606299212598425,99.68354430379746835443037975,98.97494305239179954441913440,99.48805460750853242320819113,99.80806142034548944337811900,98.09027777777777777777777778,99.13644214162348877374784111,98.40909090909090909090909091,99.71910112359550561797752809,99.687500
1159266905,THE BIOME,charter,,,,,,,,,,,,,,,,,,,,,,,,,,88.52459016393442622950819672,81.48148148148148148148148148
1159101915,THE CAN! ACADEMIES OF ST LOUIS,charter,,,,,,,,,,,,,,,,,,99.30555555555555555555555556,,,,,,,,,
1159126962,THE CHINESE SCHOOL,charter,,,,,,,,,,,,,,,,,,,,,,,,65.97222222222222222222222222,56.86274509803921568627450980,56.54761904761904761904761905,56.74157303370786516853932584
1151151550,THE COLLEGE PREPARATORY HIGH,charter,,,,,,,,,,,,,,,,,,,,,,,99.31350114416475972540045767,100,98.96551724137931034482758621,,
1159126960,THE FRENCH SCHOOL,charter,,,,,,,,,,,,,,,,,,,,,57.55813953488372093023255814,61.86440677966101694915254237,62.61398176291793313069908815,59.56790123456790123456790123,55.73770491803278688524590164,57.14285714285714285714285714,63.21839080459770114942528736
1159126963,THE INTERNATIONAL SCHOOL,charter,,,,,,,,,,,,,,,,,,,,,,,,,,85.18518518518518518518518519,89.47368421052631578947368421
1159126961,THE SPANISH SCHOOL,charter,,,,,,,,,,,,,,,,,,,,77.17391304347826086956521739,72.67759562841530054644808743,73.26388888888888888888888889,76.48648648648648648648648649,75.62189054726368159203980100,70.85308056872037914691943128,74.00,74.65564738292011019283746556
1151156910,THURGOOD MARSHALL ACADEMY,charter,,,,,,,,,,,99.34426229508196721311475410,100,100,100,99.90039840637450199203187251,,,,,,,,,,,,
1151151540,TRANSPORTATION AND LAW,slps,,,,,,,,,,,,,,,,,98.437500,99.09090909090909090909090909,99.64912280701754385964912281,99.41860465116279069767441860,98.74213836477987421383647799,98.32214765100671140939597315,98.14126394052044609665427509,98.59943977591036414565826331,98.07692307692307692307692308,98.91891891891891891891891892,99.68152866242038216560509554
1151156760,TRI-A OUTREACH,slps,97.33333333333333333333333333,,98.33333333333333333333333333,,97.80219780219780219780219780,100,100,99.27536231884057971014492754,99.200,96.58119658119658119658119658,90.19607843137254901960784314,,96.00,,,,,,,,,,,,,,
1151156780,TRI-A OUTREACH II,slps,,,,,,80.95238095238095238095238095,80.41237113402061855670103093,80.30303030303030303030303030,83.17757009345794392523364486,82.90598290598290598290598291,,,,,,,,,,,,,,,,,
1151153440,TURNER MIDDLE SCH. AND BR.,slps,100,100,99.81412639405204460966542751,100,100,100,100,100,100,90.18987341772151898734177215,91.88311688311688311688311688,94.42622950819672131147540984,95.79579579579579579579579580,98.32214765100671140939597315,98.99328859060402684563758389,100,,,,,,,,,,,
1151151600,VASHON 9TH GRADE CTR.,slps,,,,,,,,,,,,,,,,,100,100,,,,,,,,,
1151151830,VASHON HIGH,slps,100,100,99.90079365079365079365079365,99.75589910496338486574450773,99.85390796201607012417823229,100,99.91836734693877551020408163,100,99.74248927038626609442060086,99.90966576332429990966576332,99.56784788245462402765773552,99.81498612395929694727104533,99.58609271523178807947019868,99.72008397480755773268019594,99.60629921259842519685039370,99.61802902979373567608861727,99.65437788018433179723502304,100,99.63325183374083129584352078,99.59404600811907983761840325,98.93617021276595744680851064,98.30917874396135265700483092,98.55555555555555555555555556,99.07407407407407407407407407,99.53488372093023255813953488,99.51298701298701298701298701,99.21568627450980392156862745
1151159995,VO. TECH. TUITION,slps,,,,,,,,,100,77.42616033755274261603375527,,,,56.35838150289017341040462428,62.94416243654822335025380711,63.67713004484304932735426009,69.35483870967741935483870968,,,,,,,,,,
1151155940,WADE I.G.E. MAGNET ELEM.,slps,59.43775100401606425702811245,,,,,,,,,,,,,,,,,,,,,,,,,,
1151155960,WALBRIDGE ELEM.,slps,99.81378026070763500931098696,100,100,99.77777777777777777777777778,100,100,100,100,100,100,100,100,99.35897435897435897435897436,100,98.83720930232558139534883721,98.97610921501706484641638225,98.87955182072829131652661064,98.55072463768115942028985507,99.62546816479400749063670412,99.47229551451187335092348285,100,99.02912621359223300970873786,99.56140350877192982456140351,99.55947136563876651982378855,99.36708860759493670886075949,98.96907216494845360824742268,100
1159066931,WALNUT PARK,charter,,,,,,,,,,,,,,,,,,99.73856209150326797385620915,99.66960352422907488986784141,99.67284623773173391494002181,97.15224534501642935377875137,98.01104972375690607734806630,98.63013698630136986301369863,99.15662650602409638554216867,99.16434540389972144846796657,99.38271604938271604938271605,98.92473118279569892473118280
1151155980,WALNUT PARK ELEM.,slps,99.67426710097719869706840391,100,100,99.70760233918128654970760234,100,100,100,100,100,100,100,100,100,,,,,,,,,,,,,,
1151156000,WARING A.B.I. ELEM.,slps,64.64088397790055248618784530,56.86274509803921568627450980,59.92063492063492063492063492,59.62962962962962962962962963,60.85409252669039145907473310,63.07692307692307692307692308,61.30434782608695652173913043,59.16030534351145038167938931,60.83333333333333333333333333,64.34426229508196721311475410,67.43119266055045871559633028,73.96449704142011834319526627,100,,,,,,,,,,,,,,
1151156010,WASHINGTON MONTESSORI,slps,62.02531645569620253164556962,62.88088642659279778393351801,69.27710843373493975903614458,66.41025641025641025641025641,60.937500,59.35483870967741935483870968,66.87306501547987616099071207,67.86786786786786786786786787,73.26732673267326732673267327,77.35294117647058823529411765,80.95238095238095238095238095,83.33333333333333333333333333,82.48175182481751824817518248,81.55737704918032786885245902,,82.25806451612903225806451613,,81.40350877192982456140350877,85.91549295774647887323943662,88.58024691358024691358024691,93.37349397590361445783132530,94.80122324159021406727828746,97.19626168224299065420560748,96.60493827160493827160493827,97.39413680781758957654723127,98.70129870129870129870129870,96.33699633699633699633699634
1151153480,WEBSTER MIDDLE SCH.,slps,74.22680412371134020618556701,74.53874538745387453874538745,69.86754966887417218543046358,72.72727272727272727272727273,83.91959798994974874371859296,89.29663608562691131498470948,90.78947368421052631578947368,87.98449612403100775193798450,93.08755760368663594470046083,95.38904899135446685878962536,95.53072625698324022346368715,93.65853658536585365853658537,98.06763285024154589371980676,99.38837920489296636085626911,99.75669099756690997566909976,99.687500,98.70129870129870129870129870,,,,,,,,,,
1151156030,WILKINSON EARLY CHILDHOOD CTR.,slps,61.76470588235294117647058824,57.61904761904761904761904762,58.48214285714285714285714286,60.60606060606060606060606061,61.53846153846153846153846154,59.25925925925925925925925926,59.37500,56.54008438818565400843881857,58.60465116279069767441860465,60.30150753768844221105527638,62.43093922651933701657458564,66.46341463414634146341463415,63.42857142857142857142857143,65.45454545454545454545454545,63.58381502890173410404624277,67.30769230769230769230769231,67.85714285714285714285714286,62.14285714285714285714285714,64.28571428571428571428571429,64.96350364963503649635036496,73.72881355932203389830508475,64.10256410256410256410256410,65.32663316582914572864321608,72.05882352941176470588235294,66.66666666666666666666666667,60.24844720496894409937888199,62.75862068965517241379310345
1151156050,WILLIAMS BRANCH I ELEM.,slps,100,,,,,,,,,,,,,,,,,,,,,,,,,,
1151153500,WILLIAMS MIDDLE SCH.,slps,100,100,99.75669099756690997566909976,99.32885906040268456375838926,100,100,100,100,100,100,100,100,100,,,,,,,,,,,,,,
1151155970,WOERNER ELEM.,slps,,,,,,,,,,,30.32258064516129032258064516,31.72268907563025210084033613,26.99530516431924882629107981,23.47417840375586854460093897,23.88059701492537313432835821,29.29515418502202643171806167,27.45995423340961098398169336,,,,38.26815642458100558659217877,39.50276243093922651933701657,41.25683060109289617486338798,42.85714285714285714285714286,47.64397905759162303664921466,47.13541666666666666666666667,43.27628361858190709046454768
1151156100,WOERNER I.G.E. ELEM.,slps,54.31654676258992805755395683,52.3437500,56.22009569377990430622009569,56.01965601965601965601965602,59.12596401028277634961439589,59.79112271540469973890339426,55.74162679425837320574162679,57.17703349282296650717703349,56.28140703517587939698492462,56.63265306122448979591836735,68.57142857142857142857142857,67.61133603238866396761133603,64.94845360824742268041237113,71.38157894736842105263157895,70.05076142131979695431472081,59.84848484848484848484848485,,,,,,,,,,,
1151156120,WOODWARD ELEM.,slps,32.56227758007117437722419929,33.5937500,32.34323432343234323432343234,29.82456140350877192982456140,28.57142857142857142857142857,39.56989247311827956989247312,40.51724137931034482758620690,47.851562500,60.50096339113680154142581888,62.52983293556085918854415274,64.19098143236074270557029178,58.85885885885885885885885886,57.51295336787564766839378238,55.83756345177664974619289340,62.63736263736263736263736264,,,,62.19081272084805653710247350,,75.08650519031141868512110727,81.71641791044776119402985075,83.39622641509433962264150943,85.79710144927536231884057971,82.68156424581005586592178771,85.46712802768166089965397924,86.92810457516339869281045752
1151156140,WYMAN ELEM.,slps,72.52931323283082077051926298,76.69724770642201834862385321,88.70523415977961432506887052,85.12195121951219512195121951,,,,,,,82.42894056847545219638242894,,82.50825082508250825082508251,84.51178451178451178451178451,,,,,,,,,,,,,
1151153520,YEATMAN MIDDLE SCH.,slps,99.68354430379746835443037975,99.12023460410557184750733138,99.70238095238095238095238095,99.52038369304556354916067146,100,99.50124688279301745635910224,100,100,100,100,100,100,100,100,100,99.76798143851508120649651972,,,,,,,,,,,
1151152080,YEATMAN-LIDDELL PREP. JR. HIGH,slps,,,,,,,,,,,,,,,,,99.74619289340101522842639594,99.68454258675078864353312303,100,99.58158995815899581589958159,99.62546816479400749063670412,99.43502824858757062146892655,99.23273657289002557544757033,99.76247030878859857482185273,99.44134078212290502793296089,98.57142857142857142857142857,97.40259740259740259740259740
1151151915,YOUTHBUILD ST. LOUIS CHARTER,charter,,,,,,,,,,,,,87.500,,,,,,,,,,,,,,
